{"cameraMode":{"drawMode":0,"name":"Shaded","section":"Shading Mode"},"sceneLighting":false,"audioPlay":false,"sceneViewState":{"m_AlwaysRefresh":false,"showFog":true,"showSkybox":false,"showFlares":true,"showImageEffects":true,"showParticleSystems":true,"showVisualEffectGraphs":true,"m_FxEnabled":true},"in2DMode":false,"pivot":{"x":-22.005399703979493,"y":-11.998933792114258,"z":12.138956069946289},"rotation":{"x":-0.18476638197898866,"y":0.7619606852531433,"z":-0.24728135764598847,"w":-0.5693273544311523},"size":39.830902099609378,"orthographic":false}